id,ward,gakku,name,capacity,tel,address,hokui,tokei,url,image,distance
424,21伏見,南浜学区,妙福寺,132,075-601-3588,京都市伏見区柿木浜町423,34.927809,135.76384,http://www.pref.kyoto.jp/hinan/documents/2610920095.pdf,,
423,21伏見,竹田学区,京都拘置所,185,075-681-0501,京都市伏見区竹田向代町138,34.965398,135.754962,http://www.pref.kyoto.jp/hinan/documents/2610920094.pdf,,
422,21伏見,深草学区,京都工学院高等学校,712,075-646-1515,京都市伏見区深草西出山町23番地,34.962057,135.778341,http://www.pref.kyoto.jp/hinan/documents/2610920059.pdf,,
421,21伏見,納所学区,天理教淀分教会,113,075-631-2134,京都市伏見区納所町223,34.90872629,135.7179346,http://www.pref.kyoto.jp/hinan/documents/2610920071.pdf,,
420,21伏見,納所学区,納所会館,145,075-631-6838,京都市伏見区納所妙徳寺1,34.909238,135.7189845,http://www.pref.kyoto.jp/hinan/documents/2610920069.pdf,,
419,21伏見（市外）,市外（淀南）,府立消防学校,185,075-631-8008,京都府八幡市八幡樋ノ口15-15,34.88826233,135.7211184,http://www.pref.kyoto.jp/hinan/documents/2610920072.pdf,,
418,21伏見,南浜学区,府立伏見港公園総合体育館,701,075-611-7081,京都市伏見区葭島金井戸町,34.9252978,135.7578535,http://www.pref.kyoto.jp/hinan/documents/2610920058.pdf,,
417,21伏見,藤城学区,伏見北堀公園地域体育館,450,075-601-0700,京都市伏見区深草大亀谷五郎太町23,34.94151225,135.7776833,http://www.pref.kyoto.jp/hinan/documents/2610920053.pdf,,
416,21伏見,板橋学区,京都市呉竹文化センター,178,075-603-2463,京都市伏見区京町南七丁目35-1,34.93832885,135.7646373,http://www.pref.kyoto.jp/hinan/documents/2610920052.pdf,,
415,21伏見,納所学区,北城堀センター,51,―,京都市伏見区納所北城堀10-1,34.91078177,135.7202789,http://www.pref.kyoto.jp/hinan/documents/2610920070.pdf,,
414,21伏見,藤城学区,京都教育大学附属特別支援学校,145,075-641-3531,京都市伏見区深草大亀谷大山町90,34.9469042,135.7826709,http://www.pref.kyoto.jp/hinan/documents/2610920064.pdf,,
413,21伏見,藤城学区,桃陽総合支援学校,213,075-641-2634,京都市伏見区深草大亀谷岩山町48-1,34.94246535,135.7889796,http://www.pref.kyoto.jp/hinan/documents/2610920050.pdf,,
412,21伏見,桃山学区,呉竹総合支援学校,311,075-601-9104,京都市伏見区桃山福島太夫北町52,34.93905944,135.7700923,http://www.pref.kyoto.jp/hinan/documents/2610920049.pdf,,
411,21伏見,砂川学区,学校法人龍谷大学,2048,075-642-1111,京都市伏見区深草塚本町67,34.96398488,135.7679131,http://www.pref.kyoto.jp/hinan/documents/2610920061.pdf,,
410,21伏見,深草学区,学校法人聖母女学院,473,075-641-0507,京都市伏見区深草田谷町1,34.9585692,135.7723741,http://www.pref.kyoto.jp/hinan/documents/2610920067.pdf,,
409,21伏見,向島南学区,種智院大学,287,075-604-5600,京都市伏見区向島西定請70,34.91381489,135.7657896,http://www.pref.kyoto.jp/hinan/documents/2610920060.pdf,,
408,21伏見,藤森学区,京都教育大学構内,724,075-644-8106,京都市伏見区深草藤森町1,34.95021415,135.7731898,http://www.pref.kyoto.jp/hinan/documents/2610920076.pdf,,
407,21伏見,藤森学区,京都教育大学附属高等学校,385,075-641-9195,京都市伏見区深草越後屋敷町111,34.95083614,135.7652825,http://www.pref.kyoto.jp/hinan/documents/2610920065.pdf,,
406,21伏見,向島南学区,府立京都すばる高等学校,586,075-621-4788,京都市伏見区向島西定請120,34.91267889,135.764698,http://www.pref.kyoto.jp/hinan/documents/2610920056.pdf,,
405,21伏見,横大路学区,府立洛水高等学校,670,075-621-6330,京都市伏見区横大路向ヒ18,34.9237587,135.7338595,http://www.pref.kyoto.jp/hinan/documents/2610920055.pdf,,
404,21伏見,醍醐学区,府立東稜高等学校,580,075-572-2323,京都市伏見区醍醐新町裏町25-1,34.95547063,135.8182712,http://www.pref.kyoto.jp/hinan/documents/2610920057.pdf,,
403,21伏見,桃山学区,府立桃山高等学校,602,075-601-8387,京都市伏見区桃山毛利長門東町8,34.93682351,135.7699838,http://www.pref.kyoto.jp/hinan/documents/2610920054.pdf,,
402,21伏見,砂川学区,伏見工業高等学校,462,075-641-5121,京都市伏見区深草鈴塚町13,34.96985916,135.7655329,http://www.pref.kyoto.jp/hinan/documents/2610920051.pdf,,
401,21伏見,桃山学区,京都橘中学校・高等学校,464,075-623-0066,京都市伏見区桃山町伊賀50,34.93233816,135.779444,http://www.pref.kyoto.jp/hinan/documents/2610920066.pdf,,
400,21伏見,桃山学区,京都教育大学附属桃山中学校,583,075-611-0264,京都市伏見区桃山井伊掃部東町16,34.94042594,135.767451,http://www.pref.kyoto.jp/hinan/documents/2610920063.pdf,,
399,21伏見,淀学区,大淀中学校,290,075-631-7211,京都市伏見区淀下津町257-7,34.90208825,135.723617,http://www.pref.kyoto.jp/hinan/documents/2610920047.pdf,,
398,21伏見,横大路学区,洛水中学校,534,075-602-3261,京都市伏見区横大路竜ヶ池31,34.92047036,135.7301681,http://www.pref.kyoto.jp/hinan/documents/2610920048.pdf,,
397,21伏見,向島学区,向島東中学校,422,075-601-7932,京都市伏見区向島吹田河原町138,34.92563325,135.7778607,http://www.pref.kyoto.jp/hinan/documents/2610920046.pdf,,
396,21伏見,二ノ丸学区,向島中学校,430,075-623-0512,京都市伏見区向島二ノ丸町151-55,34.91719515,135.7746498,http://www.pref.kyoto.jp/hinan/documents/2610920045.pdf,,
395,21伏見,南浜学区,桃陵中学校,480,075-611-3241,京都市伏見区桃陵町1-1,34.92851884,135.7663785,http://www.pref.kyoto.jp/hinan/documents/2610920044.pdf,,
394,21伏見,池田東学区,栗陵中学校,249,075-571-7631,京都市伏見区醍醐池田町17-1,34.94660174,135.8077973,http://www.pref.kyoto.jp/hinan/documents/2610920043.pdf,,
393,21伏見,小栗栖学区,小栗栖中学校,251,075-572-3135,京都市伏見区石田川向43,34.94156022,135.798087,http://www.pref.kyoto.jp/hinan/documents/2610920042.pdf,,
392,21伏見,日野学区,春日丘中学校,308,075-571-4969,京都市伏見区日野谷寺町50,34.93897764,135.8184658,http://www.pref.kyoto.jp/hinan/documents/2610920041.pdf,,
391,21伏見,日野学区,醍醐中学校,203,075-571-0065,京都市伏見区醍醐岸ノ上町21,34.94366884,135.8153216,http://www.pref.kyoto.jp/hinan/documents/2610920040.pdf,,
390,21伏見,羽束師地区,神川中学校,578,075-934-1505,京都市伏見区羽束師菱川町741,34.93245932,135.7220712,http://www.pref.kyoto.jp/hinan/documents/2610920039.pdf,,
389,21伏見,板橋学区,伏見中学校,337,075-611-5161,京都市伏見区御駕籠町97,34.93784272,135.7604655,http://www.pref.kyoto.jp/hinan/documents/2610920038.pdf,,
388,21伏見,桃山学区,桃山中学校,418,075-611-0268,京都市伏見区桃山水野左近東町19,34.94228971,135.7691009,http://www.pref.kyoto.jp/hinan/documents/2610920037.pdf,,
387,21伏見,深草学区,藤森中学校,431,075-641-5227,京都市伏見区深草池ノ内町55,34.95586899,135.7651521,http://www.pref.kyoto.jp/hinan/documents/2610920036.pdf,,
386,21伏見,深草学区,深草中学校,510,075-641-6522,京都市伏見区深草西伊達町1-4,34.95712748,135.7751926,http://www.pref.kyoto.jp/hinan/documents/2610920035.pdf,,
385,21伏見,桃山学区,京都教育大学附属桃山小学校,444,075-611-0138,京都市伏見区桃山筒井伊賀東町46,34.93900105,135.7666565,http://www.pref.kyoto.jp/hinan/documents/2610920062.pdf,,
384,21伏見,淀南学区,美豆小学校,331,075-631-7161,京都市伏見区淀美豆町1244,34.89675523,135.7130827,http://www.pref.kyoto.jp/hinan/documents/2610920034.pdf,,
383,21伏見,淀学区,明親小学校,366,075-631-2077,京都市伏見区淀池上町106,34.90369909,135.7216698,http://www.pref.kyoto.jp/hinan/documents/2610920033.pdf,,
382,21伏見,羽束師地区,羽束師小学校,365,075-934-1501,京都市伏見区羽束師菱川町640,34.93326752,135.7224072,http://www.pref.kyoto.jp/hinan/documents/2610920032.pdf,,
381,21伏見,久我の杜学区,久我の杜小学校,401,075-935-0157,京都市伏見区久我東町209,34.93370059,135.7293899,http://www.pref.kyoto.jp/hinan/documents/2610920031.pdf,,
380,21伏見,久我地区,神川小学校,457,075-921-0154,京都市伏見区久我東町60-2,34.93892738,135.7326174,http://www.pref.kyoto.jp/hinan/documents/2610920030.pdf,,
379,21伏見,北醍醐校区,北醍醐小学校,278,075-572-5353,京都市伏見区醍醐片山町11,34.95708721,135.8221152,http://www.pref.kyoto.jp/hinan/documents/2610920029.pdf,,
378,21伏見,醍醐西学区,醍醐西小学校,310,075-571-0221,京都市伏見区醍醐川久保町1,34.95319016,135.8120302,http://www.pref.kyoto.jp/hinan/documents/2610920028.pdf,,
377,21伏見,石田学区,石田小学校,288,075-572-1411,京都市伏見区石田森西24,34.94072982,135.8010368,http://www.pref.kyoto.jp/hinan/documents/2610920027.pdf,,
376,21伏見,日野学区,日野小学校,280,075-573-1567,京都市伏見区日野谷寺町78,34.93826654,135.8162493,http://www.pref.kyoto.jp/hinan/documents/2610920025.pdf,,
375,21伏見,春日野学区,春日野小学校,335,075-571-5550,京都市伏見区日野田中町31,34.93959411,135.8120524,http://www.pref.kyoto.jp/hinan/documents/2610920025.pdf,,
374,21伏見,池田東学区,池田東小学校,275,075-572-4505,京都市伏見区醍醐多近田町2-2,34.94487146,135.8126607,http://www.pref.kyoto.jp/hinan/documents/2610920024.pdf,,
373,21伏見,池田学区,池田小学校,335,075-571-6872,京都市伏見区醍醐鍵尾町17,34.94562961,135.80795,http://www.pref.kyoto.jp/hinan/documents/2610920023.pdf,,
372,21伏見,小栗栖宮山学区,小栗栖宮山小学校,278,075-572-5216,京都市伏見区小栗栖宮山1-1,34.94568212,135.7992453,http://www.pref.kyoto.jp/hinan/documents/2610920022.pdf,,
371,21伏見,小栗栖学区,小栗栖小学校,200,075-571-7632,京都市伏見区小栗栖森本町47-4,34.94274345,135.7980315,http://www.pref.kyoto.jp/hinan/documents/2610920021.pdf,,
370,21伏見,醍醐学区,醍醐小学校,360,075-571-0001,京都市伏見区醍醐東大路町31-1,34.95001278,135.8177685,http://www.pref.kyoto.jp/hinan/documents/2610920020.pdf,,
369,21伏見,二ノ丸学区,向島二の丸小学校,573,075-622-9001,京都市伏見区向島二ノ丸町151,34.9161869,135.7738082,http://www.pref.kyoto.jp/hinan/documents/2610920086.pdf,,
368,21伏見,向島南学区,向島南小学校,439,075-602-2824,京都市伏見区向島津田町95-1,34.92343885,135.7654813,http://www.pref.kyoto.jp/hinan/documents/2610920017.pdf,,
367,21伏見,藤の木学区,向島藤の木小学校,630,075-623-0046,京都市伏見区向島藤ノ木町82-5,34.92033383,135.77998,http://www.pref.kyoto.jp/hinan/documents/2610920016.pdf,,
366,21伏見,向島学区,向島小学校,417,075-601-8221,京都市伏見区向島善阿弥町2-3,34.92652744,135.7707975,http://www.pref.kyoto.jp/hinan/documents/2610920015.pdf,,
365,21伏見,納所学区,納所小学校,334,075-631-2032,京都市伏見区納所妙徳寺1,34.9097727,135.719482,http://www.pref.kyoto.jp/hinan/documents/2610920014.pdf,,
364,21伏見,横大路学区,横大路小学校,197,075-601-0356,京都市伏見区横大路草津町54-1,34.92812975,135.7343314,http://www.pref.kyoto.jp/hinan/documents/2610920013.pdf,,
363,21伏見,下鳥羽学区,下鳥羽小学校,363,075-611-0357,京都市伏見区下鳥羽長田町203,34.93937794,135.7439974,http://www.pref.kyoto.jp/hinan/documents/2610920012.pdf,,
362,21伏見,桃山南学区,桃山南小学校,331,075-621-6841,京都市伏見区桃山町大島38-109,34.92620847,135.7881043,http://www.pref.kyoto.jp/hinan/documents/2610920011.pdf,,
361,21伏見,桃山東学区,桃山東小学校,302,075-621-1411,京都市伏見区桃山町伊庭12,34.93546312,135.7869129,http://www.pref.kyoto.jp/hinan/documents/2610920010.pdf,,
360,21伏見,桃山学区,桃山小学校,266,075-601-7286,京都市伏見区桃山町本多上野107,34.93287685,135.7752055,http://www.pref.kyoto.jp/hinan/documents/2610920009.pdf,,
359,21伏見,竹田学区,竹田小学校,415,075-641-6278,京都市伏見区竹田桶ノ井町8-2,34.95529103,135.7572113,http://www.pref.kyoto.jp/hinan/documents/2610920008.pdf,,
358,21伏見,砂川学区,砂川小学校,321,075-641-7118,京都市伏見区深草ケナサ町25-5,34.96426266,135.7691546,http://www.pref.kyoto.jp/hinan/documents/2610920007.pdf,,
357,21伏見,藤城学区,藤城小学校,304,075-621-5580,京都市伏見区深草大亀谷五郎太町37,34.94191216,135.7760557,http://www.pref.kyoto.jp/hinan/documents/2610920006.pdf,,
356,21伏見,藤森学区,藤ノ森小学校,324,075-641-6305,京都市伏見区深草石橋町11-2,34.94883643,135.7708872,http://www.pref.kyoto.jp/hinan/documents/2610920005.pdf,,
355,21伏見,稲荷学区,稲荷小学校,352,075-641-0057,京都市伏見区深草開土町12-1,34.96932331,135.7715767,http://www.pref.kyoto.jp/hinan/documents/2610920004.pdf,,
354,21伏見,深草学区,深草小学校,504,075-641-0951,京都市伏見区深草西伊達町82-3,34.9560833,135.7720152,http://www.pref.kyoto.jp/hinan/documents/2610920003.pdf,,
353,21伏見,住吉学区,伏見住吉小学校,285,075-611-5243,京都市伏見区住吉町455,34.94378665,135.7625406,http://www.pref.kyoto.jp/hinan/documents/2610920002.pdf,,
352,21伏見,南浜学区,伏見南浜小学校,334,075-611-0091,京都市伏見区丹後町142,34.92851602,135.7626761,http://www.pref.kyoto.jp/hinan/documents/2610920001.pdf,,
351,21伏見,板橋学区,伏見板橋小学校,400,075-611-5158,京都市伏見区下板橋町610,34.9388251,135.7615554,http://www.pref.kyoto.jp/hinan/documents/2610920000.pdf,,
350,20西京,嵐山東学区,法輪寺,31,075-861-0069,京都市西京区嵐山虚空蔵山町68-3,35.01023829,135.6769755,http://www.pref.kyoto.jp/hinan/documents/2611140035.pdf,,
349,20西京,桂川学区,京都市西文化会館ウエスティ,180,075-394-2005,京都市西京区上桂森下町31-1,34.98501548,135.694147,http://www.pref.kyoto.jp/hinan/documents/2611140027.pdf,,
348,20西京,桂川学区,京都市桂川地域体育館,382,075-392-6573,京都市西京区上桂今井町131,34.9961201,135.6978244,http://www.pref.kyoto.jp/hinan/documents/2611140028.pdf,,
347,20西京,桂坂学区,西総合支援学校,280,075-332-4275,京都市西京区大枝北沓掛町一丁目21-21,34.98895074,135.6544297,http://www.pref.kyoto.jp/hinan/documents/2611140026.pdf,,
346,20西京,大枝学区,京都経済短期大学,432,075-331-3159,京都市西京区大枝東長町3-1,34.97117218,135.6794842,http://www.pref.kyoto.jp/hinan/documents/2611140034.pdf,,
345,20西京,大枝学区,京都市立芸術大学,386,075-334-2200,京都市西京区大枝沓掛町13-6,34.97432449,135.6638269,http://www.pref.kyoto.jp/hinan/documents/2611140031.pdf,,
344,20西京,新林学区,京都明徳高等学校,801,075-331-3361,京都市西京区大枝東長町3-8,34.96991119,135.6798258,http://www.pref.kyoto.jp/hinan/documents/2611140032.pdf,,
343,20西京,大枝学区,京都成章高等学校,650,075-332-4830,京都市西京区大枝沓掛町26,34.9816041,135.6533496,http://www.pref.kyoto.jp/hinan/documents/2611140033.pdf,,
342,20西京,境谷学区,府立洛西高等学校,459,075-332-0555,京都市西京区大原野西境谷町１丁目12-1・2,34.96255901,135.6672099,http://www.pref.kyoto.jp/hinan/documents/2611140030.pdf,,
341,20西京,川岡学区,府立桂高等学校,792,075-391-2151,京都市西京区川島松ノ木本町27,34.97256651,135.705407,http://www.pref.kyoto.jp/hinan/documents/2611140029.pdf,,
340,20西京,大原野地域,大原野中学校,490,075-333-3207,京都市西京区大原野上里南ノ町18,34.9525905,135.6777061,http://www.pref.kyoto.jp/hinan/documents/2611140025.pdf,,
339,20西京,福西学区,西陵中学校,401,075-332-0671,京都市西京区大枝南福西町一丁目3,34.95898721,135.6828614,http://www.pref.kyoto.jp/hinan/documents/2611140024.pdf,,
338,20西京,境谷学区,洛西中学校,315,075-331-6131,京都市西京区大原野西境谷町二丁目8,34.96358401,135.6712734,http://www.pref.kyoto.jp/hinan/documents/2611140023.pdf,,
337,20西京,桂坂学区,大枝中学校,482,075-333-1112,京都市西京区御陵大枝山町二丁目1-91,34.98842599,135.6645322,http://www.pref.kyoto.jp/hinan/documents/2611140022.pdf,,
336,20西京,樫原学区,樫原中学校,212,075-392-6630,京都市西京区樫原蛸田町11,34.97664395,135.6906556,http://www.pref.kyoto.jp/hinan/documents/2611140021.pdf,,
335,20西京,川岡東学区,桂川中学校,360,075-392-9229,京都市西京区下津林東大般若町43,34.97606342,135.7146646,http://www.pref.kyoto.jp/hinan/documents/2611140020.pdf,,
334,20西京,松尾学区,松尾中学校,320,075-391-9622,京都市西京区松室中溝町101,34.99680341,135.6909778,http://www.pref.kyoto.jp/hinan/documents/2611140018.pdf,,
333,20西京,桂川学区,桂中学校,324,075-392-7200,京都市西京区上桂森上町26,34.98823744,135.6940415,http://www.pref.kyoto.jp/hinan/documents/2611140019.pdf,,
332,20西京,大原野地域,大原野小学校,352,075-331-0005,京都市西京区大原野灰方町439,34.95364025,135.6667986,http://www.pref.kyoto.jp/hinan/documents/2611140016.pdf,,
331,20西京,福西学区,福西小学校,360,075-332-0688,京都市西京区大枝南福西町一丁目7,34.95785119,135.6819364,http://www.pref.kyoto.jp/hinan/documents/2611140013.pdf,,
330,20西京,大原野地域,上里小学校,480,075-333-2002,京都市西京区大原野上里南ノ町300,34.95264887,135.6847222,http://www.pref.kyoto.jp/hinan/documents/2611140017.pdf,,
329,20西京,竹の里地域,竹の里小学校,360,075-332-3745,京都市西京区大原野東竹の里町四丁目1,34.95748455,135.6762063,http://www.pref.kyoto.jp/hinan/documents/2611140015.pdf,,
328,20西京,境谷学区,境谷小学校,360,075-331-7423,京都市西京区大原野西境谷町三丁目5,34.9628257,135.670929,http://www.pref.kyoto.jp/hinan/documents/2611140014.pdf,,
327,20西京,新林学区,新林小学校,360,075-331-5811,京都市西京区大枝西新林町四丁目4,34.96862514,135.6697181,http://www.pref.kyoto.jp/hinan/documents/2611140012.pdf,,
326,20西京,桂坂学区,桂坂小学校,435,075-333-1101,京都市西京区御陵大枝山町二丁目1-52,34.98619282,135.663824,http://www.pref.kyoto.jp/hinan/documents/2611140010.pdf,,
325,20西京,大枝学区,大枝小学校,405,075-331-0330,京都市西京区大枝塚原町4-44,34.97369411,135.6724014,http://www.pref.kyoto.jp/hinan/documents/2611140011.pdf,,
324,20西京,桂東学区,桂東小学校,360,075-381-2415,京都市西京区桂市ノ前町31,34.97754664,135.7077513,http://www.pref.kyoto.jp/hinan/documents/2611140006.pdf,,
323,20西京,桂川学区,桂川小学校,360,075-392-0890,京都市西京区桂上野西町274,34.99513685,135.6997659,http://www.pref.kyoto.jp/hinan/documents/2611140003.pdf,,
322,20西京,桂徳学区,桂徳小学校,320,075-381-7037,京都市西京区桂徳大寺南町2,34.9890318,135.7059237,http://www.pref.kyoto.jp/hinan/documents/2611140005.pdf,,
321,20西京,桂学区,桂小学校,360,075-391-1331,京都市西京区桂巽町75-5,34.98277678,135.700402,http://www.pref.kyoto.jp/hinan/documents/2611140004.pdf,,
320,20西京,松陽学区,松陽小学校,409,075-391-3583,京都市西京区御陵北山下町15,34.98181851,135.6892224,http://www.pref.kyoto.jp/hinan/documents/2611140002.pdf,,
319,20西京,嵐山東学区,嵐山東小学校,440,075-881-5120,京都市西京区嵐山東海道町46,35.0074608,135.6864167,http://www.pref.kyoto.jp/hinan/documents/2611140000.pdf,,
318,20西京,松尾学区,松尾小学校,252,075-391-0221,京都市西京区松尾井戸町32,34.99258154,135.6894141,http://www.pref.kyoto.jp/hinan/documents/2611140001.pdf,,
317,20西京,樫原学区,樫原小学校,456,075-391-5683,京都市西京区樫原三宅町24,34.9724729,135.6972724,http://www.pref.kyoto.jp/hinan/documents/2611140009.pdf,,
316,20西京,川岡東学区,川岡東小学校,360,075-392-8820,京都市西京区下津林東大般若町44,34.975819,135.7150034,http://www.pref.kyoto.jp/hinan/documents/2611140008.pdf,,
315,20西京,川岡学区,川岡小学校,272,075-381-2032,京都市西京区川島滑樋町14,34.97563292,135.7036072,http://www.pref.kyoto.jp/hinan/documents/2611140007.pdf,,
314,19右京(京北),山国,山国自治会館,50,075-853-0001,京都市右京区京北比賀江町院谷21,35.18244648,135.6622147,http://www.pref.kyoto.jp/hinan/documents/2610840053.pdf,,
313,19右京,御室学区,妙心寺,830,075-461-5226,京都市右京区花園妙心寺町64,35.0231648,135.7200389,http://www.pref.kyoto.jp/hinan/documents/2610840050.pdf,,
312,19右京,御室学区,仁和寺(御室会館),255,075-464-3664,京都市右京区御室大内33,35.0288058,135.7152022,http://www.pref.kyoto.jp/hinan/documents/2610840049.pdf,,
311,19右京,嵯峨学区,大覚寺(嵯峨寮学院),295,075-871-0071,京都市右京区嵯峨大沢町4,35.02782759,135.6775468,http://www.pref.kyoto.jp/hinan/documents/2610840051.pdf,,
310,19右京(京北),弓削,田貫公民館,70,075-854-0904,京都市右京区京北田貫町檀町20,35.20666189,135.6044332,http://www.pref.kyoto.jp/hinan/documents/2610840054.pdf,,
309,19右京(京北),宇津,宇津コミュニティセンター,50,075-855-0175,京都市右京区京北下宇津町宮ノ下14-2,35.1460168,135.5786759,http://www.pref.kyoto.jp/hinan/documents/2610840060.pdf,,
308,19右京(京北),弓削,弓削会館,50,075-854-0001,京都市右京区京北下中町東石原8-2,35.19705263,135.6393695,http://www.pref.kyoto.jp/hinan/documents/2610840055.pdf,,
307,19右京(京北),周山,矢代多目的ホール,50,075-852-0604,京都市右京区京北矢代中町馬場谷道ノ上29-12,35.18154829,135.6003358,http://www.pref.kyoto.jp/hinan/documents/2610840056.pdf,,
306,19右京(京北),細野,細野グリーン会館,50,075-852-0457,京都市右京区京北細野町東ノ垣内10-1,35.12380545,135.6417622,http://www.pref.kyoto.jp/hinan/documents/2610840058.pdf,,
305,19右京(京北),黒田,黒田トレーニングホール,218,075-856-0001,京都市右京区京北宮町宮野80-1,35.20420634,135.7196198,http://www.pref.kyoto.jp/hinan/documents/2610840062.pdf,,
304,19右京(京北),黒田,黒田基幹集落センター,100,075-856-0001,京都市右京区京北宮町宮野80-1,35.20420634,135.7196198,http://www.pref.kyoto.jp/hinan/documents/2610840052.pdf,,
303,19右京,高雄学区,京都市北部クリーンセンター関連施設(やまごえ温泉プール),68,075-861-7647,京都市右京区梅ヶ畑向ノ地町27-1,35.0320968,135.6963707,http://www.pref.kyoto.jp/hinan/documents/2610840061.pdf,,
302,19右京,?野学区,京都市市民スポーツ会館,864,075-315-3741,京都市右京区西京極新明町32,34.99501462,135.7155229,http://www.pref.kyoto.jp/hinan/documents/2610840038.pdf,,
301,19右京(京北),宇津,宇津ふれあい会館,50,075-855-0001,京都市右京区京北中地町蛸谷口23,35.13895102,135.5914773,http://www.pref.kyoto.jp/hinan/documents/2610840059.pdf,,
300,19右京,?野学区,光華小学校・京都光華中学校・京都光華高等学校,1155,075-325-5223,京都市右京区西京極野田町39,34.99577567,135.718331,http://www.pref.kyoto.jp/hinan/documents/2610840044.pdf,,
299,19右京,御室学区,府立聾学校,315,075-461-8121,京都市右京区御室大内4,35.03229981,135.7133476,http://www.pref.kyoto.jp/hinan/documents/2610840039.pdf,,
298,19右京,宇多野学区,鳴滝総合支援学校,210,075-461-3221,京都市右京区音戸山山ノ茶屋町9-2,35.02813068,135.7041094,http://www.pref.kyoto.jp/hinan/documents/2610840030.pdf,,
297,19右京,嵐山学区,嵯峨美術大学・嵯峨美術短期大学,300,075-864-7858,京都市右京区嵯峨五島町1,35.01281298,135.6879747,http://www.pref.kyoto.jp/hinan/documents/2610840048.pdf,,
296,19右京,?野学区,京都光華女子大学・京都光華女子大学短期大学部,485,075-325-5208,京都市右京区西京極葛野町38,34.9973117,135.7190281,http://www.pref.kyoto.jp/hinan/documents/2610840043.pdf,,
295,19右京,山ノ内学区,京都学園大学 太秦キャンパス,408,075-406-7000,京都市右京区山ノ内五反田町18 ,35.01052,135.7185,http://www.pref.kyoto.jp/hinan/documents/2610840063.pdf,,
294,19右京,山ノ内学区,京都外国語大学,586,075-322-6047,京都市右京区西院笠目町6,35.00437214,135.7191503,http://www.pref.kyoto.jp/hinan/documents/2610840046.pdf,,
293,19右京,花園学区,花園高等学校,660,075-463-5221,京都市右京区花園木辻北町1,35.02199552,135.7227831,http://www.pref.kyoto.jp/hinan/documents/2610840045.pdf,,
292,19右京,山ノ内学区,京都外大西高等学校,305,075-321-0712,京都市右京区山ノ内苗町37,35.00498042,135.7184781,http://www.pref.kyoto.jp/hinan/documents/2610840047.pdf,,
291,19右京(京北),弓削,府立北桑田高等学校,560,075-854-0022,京都市右京区京北下弓削町沢ノ奥15,35.19660537,135.6319618,http://www.pref.kyoto.jp/hinan/documents/2610840042.pdf,,
290,19右京,嵯峨学区,府立北嵯峨高等学校,587,075-872-1700,京都市右京区嵯峨大沢柳井手町7,35.02590847,135.6810606,http://www.pref.kyoto.jp/hinan/documents/2610840040.pdf,,
289,19右京,常磐野学区,府立嵯峨野高等学校,791,075-871-0723,京都市右京区常盤段ノ上町15,35.01954832,135.7037096,http://www.pref.kyoto.jp/hinan/documents/2610840041.pdf,,
288,19右京(京北),周山,周山中学校,372,075-852-0053,京都市右京区京北周山町中山39-4,35.15750431,135.6354859,#,,
287,19右京,御室学区,双ヶ丘中学校,330,075-463-8165,京都市右京区花園岡ノ本町5-1,35.02290086,135.7155059,http://www.pref.kyoto.jp/hinan/documents/2610840025.pdf,,
286,19右京,高雄学区,高雄中学校,60,075-872-1286,京都市右京区梅ヶ畑奥殿町36,35.04588092,135.6811793,http://www.pref.kyoto.jp/hinan/documents/2610840024.pdf,,
285,19右京,西院第二学区,西院中学校,350,075-312-0365,京都市右京区西院矢掛町5,34.9997921,135.7292495,http://www.pref.kyoto.jp/hinan/documents/2610840022.pdf,,
284,19右京,北梅津学区,梅津中学校,320,075-882-0910,京都市右京区梅津北川町34,35.00621916,135.6975576,http://www.pref.kyoto.jp/hinan/documents/2610840023.pdf,,
283,19右京,西京極学区,西京極中学校,460,075-315-1531,京都市右京区西京極宮ノ東町1,34.99065391,135.722889,http://www.pref.kyoto.jp/hinan/documents/2610840029.pdf,,
282,19右京,山ノ内学区,四条中学校,485,075-312-0040,京都市右京区西院日照町1,35.00315562,135.7247193,http://www.pref.kyoto.jp/hinan/documents/2610840021.pdf,,
281,19右京,広沢学区,嵯峨中学校,235,075-871-0533,京都市右京区嵯峨新宮町63-2,35.02271172,135.6840439,http://www.pref.kyoto.jp/hinan/documents/2610840028.pdf,,
280,19右京,太秦学区,太秦中学校,320,075-872-0037,京都市右京区太秦多藪町14-144,35.01188527,135.7037292,http://www.pref.kyoto.jp/hinan/documents/2610840027.pdf,,
279,19右京,嵯峨野学区,蜂ヶ岡中学校,480,075-861-2168,京都市右京区嵯峨野開町1-1,35.01630422,135.6986878,http://www.pref.kyoto.jp/hinan/documents/2610840026.pdf,,
278,19右京,宕陰学区,宕陰小・中学校,135,0771-44-0310,京都市右京区嵯峨越畑南ノ町32-2,35.08300225,135.6107738,#,,
277,19右京(京北),細野,元細野小学校,240,―,京都市右京区京北細野町東ノ垣内30,35.12433916,135.6429332,http://www.pref.kyoto.jp/hinan/documents/2610840036.pdf,,
276,19右京(京北),黒田,元黒田小学校,37,―,京都市右京区京北宮町宮野54,35.2037683,135.7198203,http://www.pref.kyoto.jp/hinan/documents/2610840032.pdf,,
275,19右京(京北),宇津,元宇津小学校,150,―,京都市右京区京北中地町蛸谷口12,35.13966,135.5925,http://www.pref.kyoto.jp/hinan/documents/2610840037.pdf,,
274,19右京(京北),弓削,京北第三小学校,190,075-854-0244,京都市右京区京北上弓削町弾正27,35.20311849,135.6388833,http://www.pref.kyoto.jp/hinan/documents/2610840034.pdf,,
273,19右京(京北),山国,京北第二小学校,270,075-853-0002,京都市右京区京北塔町中筋浦8-1,35.18046892,135.6619509,http://www.pref.kyoto.jp/hinan/documents/2610840033.pdf,,
272,19右京(京北),周山,京北第一小学校,300,075-852-0026,京都市右京区京北周山町下寺田11,35.1556545,135.6352886,http://www.pref.kyoto.jp/hinan/documents/2610840035.pdf,,
271,19右京,?野学区,葛野小学校,305,075-311-3510,京都市右京区西京極葛野町2,34.9982616,135.7180699,http://www.pref.kyoto.jp/hinan/documents/2610840008.pdf,,
270,19右京,西京極学区,西京極西小学校,280,075-315-1844,京都市右京区西京極藪開町4-1,34.98620149,135.7160923,http://www.pref.kyoto.jp/hinan/documents/2610840007.pdf,,
269,19右京,西京極学区,西京極小学校,360,075-313-1319,京都市右京区西京極芝ノ下町31,34.98748472,135.7193282,http://www.pref.kyoto.jp/hinan/documents/2610840006.pdf,,
268,19右京,北梅津学区,梅津北小学校,330,075-881-5130,京都市右京区梅津開キ町16,35.00619416,135.7002629,http://www.pref.kyoto.jp/hinan/documents/2610840001.pdf,,
267,19右京,梅津学区,梅津小学校,235,075-861-0009,京都市右京区梅津中村町38,35.00143906,135.6998853,http://www.pref.kyoto.jp/hinan/documents/2610840000.pdf,,
266,19右京,高雄学区,高雄小学校,105,075-861-1028,京都市右京区梅ヶ畑奥殿町15,35.04538654,135.6819514,http://www.pref.kyoto.jp/hinan/documents/2610840019.pdf,,
265,19右京,山ノ内学区,山ノ内小学校,280,075-311-3546,京都市右京区山ノ内山ノ下町22,35.00564427,135.7218306,http://www.pref.kyoto.jp/hinan/documents/2610840009.pdf,,
264,19右京,西院第一学区,西院小学校,270,075-312-3993,京都市右京区西院春日町3-1,35.0056193,135.7293327,http://www.pref.kyoto.jp/hinan/documents/2610840014.pdf,,
263,19右京,花園学区,花園小学校,280,075-841-6900,京都市右京区花園車道町1,35.0190069,135.7220499,http://www.pref.kyoto.jp/hinan/documents/2610840020.pdf,,
262,19右京,宇多野学区,宇多野小学校,305,075-462-8136,京都市右京区宇多野上ノ谷8,35.03142759,135.7084035,http://www.pref.kyoto.jp/hinan/documents/2610840013.pdf,,
261,19右京,御室学区,御室小学校,375,075-462-0008,京都市右京区御室竪町19,35.027006,135.7161586,http://www.pref.kyoto.jp/hinan/documents/2610840012.pdf,,
260,19右京,嵯峨野学区,嵯峨野小学校,270,075-861-4177,京都市右京区嵯峨野千代ノ道町53,35.01219357,135.6960242,http://www.pref.kyoto.jp/hinan/documents/2610840005.pdf,,
259,19右京,安井学区,安井小学校,336,075-841-3130,京都市右京区太秦安井柳通町15,35.01426847,135.7204278,http://www.pref.kyoto.jp/hinan/documents/2610840015.pdf,,
258,19右京,常磐野学区,常磐野小学校,396,075-872-9735,京都市右京区太秦京ノ道町20-5,35.02191749,135.7027762,http://www.pref.kyoto.jp/hinan/documents/2610840004.pdf,,
257,19右京,南太秦学区,南太秦小学校,245,075-881-7781,京都市右京区太秦前ノ田町22,35.00948551,135.7034376,http://www.pref.kyoto.jp/hinan/documents/2610840003.pdf,,
256,19右京,太秦学区,太秦小学校,280,075-861-1594,京都市右京区太秦奥殿町1-1,35.0122369,135.7070664,http://www.pref.kyoto.jp/hinan/documents/2610840002.pdf,,
255,19右京,水尾学区,水尾小学校(休校中),43,―,京都市右京区嵯峨水尾宮ノ脇町32-2,35.04543,135.6253,http://www.pref.kyoto.jp/hinan/documents/2610840016.pdf,,
254,19右京,嵐山学区,嵐山小学校,180,075-872-1466,京都市右京区嵯峨柳田町35-1,35.01344068,135.6866803,http://www.pref.kyoto.jp/hinan/documents/2610840017.pdf,,
253,19右京,広沢学区,広沢小学校,335,075-881-4978,京都市右京区嵯峨広沢西裏町25,35.02248677,135.6874743,http://www.pref.kyoto.jp/hinan/documents/2610840011.pdf,,
252,19右京,嵯峨学区,嵯峨小学校,280,075-861-1543,京都市右京区嵯峨釈迦堂大門町35-1,35.0216645,135.6760471,http://www.pref.kyoto.jp/hinan/documents/2610840010.pdf,,
251,18南,九条塔南学区,府立鳥羽高等学校,1045,075-672-6788,京都市南区西九条大国町1,34.978199,135.744725,http://www.pref.kyoto.jp/hinan/documents/2610760020.pdf,,
250,18南,祥栄学区,塔南高等学校,875,075-681-0701,京都市南区吉祥院観音堂町41,34.96691,135.733484,http://www.pref.kyoto.jp/hinan/documents/2610760019.pdf,,
249,18南,梅逕学区,洛南高等学校・洛南高等学校附属中学校,1276,075-681-6511,京都市南区壬生通八条下ル東寺町559,34.983835,135.746869,http://www.pref.kyoto.jp/hinan/documents/2610760021.pdf,,
248,18南,久世学区,久世中学校,600,075-933-3223,京都市南区久世殿城町481-1,34.95669276,135.7190332,http://www.pref.kyoto.jp/hinan/documents/2610760017.pdf,,
247,18南,吉祥院学区,洛南中学校,690,075-691-0018,京都市南区吉祥院落合町31,34.9745081,135.7387461,http://www.pref.kyoto.jp/hinan/documents/2610760015.pdf,,
246,18南,九条学区,九条中学校,215,075-681-2211,京都市南区西九条南小路町1,34.98100493,135.7500787,http://www.pref.kyoto.jp/hinan/documents/2610760014.pdf,,
245,18南,唐橋学区,八条中学校,335,075-681-5264,京都市南区唐橋門脇町35,34.98268245,135.7386878,http://www.pref.kyoto.jp/hinan/documents/2610760013.pdf,,
244,18南,東和学区,凌風小学校・中学校(凌風学園),985,075-693-8222,京都市南区東九条下殿田町56,34.9790635,135.7575172,http://www.pref.kyoto.jp/hinan/documents/2610760016.pdf,,
243,18南,東和学区,元東和小学校(凌風小・中学校第２校舎),210,075-693-8222,京都市南区東九条南烏丸町19,34.97835802,135.7591227,http://www.pref.kyoto.jp/hinan/documents/2610760005.pdf,,
242,18南,陶化学区,元陶化小学校,305,075-672-1172,京都市南区東九条中御霊町55,34.97856923,135.7627972,http://www.pref.kyoto.jp/hinan/documents/2610760004.pdf,,
241,18南,山王学区,元山王小学校,350,075-672-6464,京都市南区東九条東山王町27,34.98286,135.762,http://www.pref.kyoto.jp/hinan/documents/2610760006.pdf,,
240,18南,久世学区,久世西小学校,320,075-934-0460,京都市南区久世上久世町454,34.9630584,135.7143746,http://www.pref.kyoto.jp/hinan/documents/2610760012.pdf,,
239,18南,久世学区,大藪小学校,320,075-921-3303,京都市南区久世大藪町62,34.9602355,135.7185164,http://www.pref.kyoto.jp/hinan/documents/2610760010.pdf,,
238,18南,上鳥羽学区,上鳥羽小学校,220,075-691-0393,京都市南区上鳥羽城ヶ前町16,34.96428685,135.7436012,http://www.pref.kyoto.jp/hinan/documents/2610760009.pdf,,
237,18南,祥豊学区,祥豊小学校,280,075-691-2486,京都市南区吉祥院三ノ宮町23,34.9775439,135.7280219,http://www.pref.kyoto.jp/hinan/documents/2610760008.pdf,,
236,18南,祥栄学区,祥栄小学校,275,075-681-1556,京都市南区吉祥院蒔絵町14,34.96763644,135.737235,http://www.pref.kyoto.jp/hinan/documents/2610760011.pdf,,
235,18南,吉祥院学区,吉祥院小学校,250,075-671-5395,京都市南区吉祥院船戸町34,34.9748414,135.7324549,http://www.pref.kyoto.jp/hinan/documents/2610760007.pdf,,
234,18南,唐橋学区,唐橋小学校,215,075-691-8001,京都市南区唐橋西寺町65,34.97957714,135.7378046,http://www.pref.kyoto.jp/hinan/documents/2610760003.pdf,,
233,18南,南大内学区,南大内小学校,455,075-691-8458,京都市南区八条内田町20-2,34.98014105,135.7444236,http://www.pref.kyoto.jp/hinan/documents/2610760002.pdf,,
232,18南,九条塔南学区,九条塔南小学校,240,075-691-1540,京都市南区西九条御幸田町109,34.97596924,135.7487011,http://www.pref.kyoto.jp/hinan/documents/2610760001.pdf,,
231,18南,九条弘道学区,九条弘道小学校,210,075-671-6981,京都市南区西九条春日町13,34.9810716,135.7545368,http://www.pref.kyoto.jp/hinan/documents/2610760000.pdf,,
230,17下京,成徳学区,池坊学園,303,075-351-8581,京都市下京区室町通四条下ル鶏鉾町491,35.00325322,135.7576913,http://www.pref.kyoto.jp/hinan/documents/2610680025.pdf,,
229,17下京,菊浜学区,ひと・まち交流館 京都,137,075-354-8711,京都市下京区西木屋町通上ノ口上ル梅湊町83-1,34.9932408,135.7651403,http://www.pref.kyoto.jp/hinan/documents/2610680021.pdf,,
228,17下京,崇仁学区,下京地域体育館,448,075-351-7510,京都市下京区川端町13,34.98657416,135.7662827,http://www.pref.kyoto.jp/hinan/documents/2610680018.pdf,,
227,17下京,永松学区,京都市総合教育センター,320,075-371-2340,京都市下京区河原町通松原上ル二丁目富永町344,35.0022281,135.7680303,http://www.pref.kyoto.jp/hinan/documents/2610680019.pdf,,
226,17下京,修徳学区,京都市修徳特別養護老人ホーム,188,075-351-2181,京都市下京区新町通松原下ル富永町110-1,34.99815918,135.7570221,http://www.pref.kyoto.jp/hinan/documents/2610680020.pdf,,
225,17下京,開智学区,京都市学校歴史博物館,177,075-344-1305,京都市下京区御幸町通仏光寺下ル橘町437,35.0009535,135.7658489,http://www.pref.kyoto.jp/hinan/documents/2610680002.pdf,,
224,17下京,安寧学区,龍谷大学付属 平安中学校・平安高等学校,1026,075-361-4231,京都市下京区御器屋町30,34.9901847,135.7483592,http://www.pref.kyoto.jp/hinan/documents/2610680026.pdf,,
223,17下京,光徳学区,京都産業大学附属中学校・高等学校,764,075-279-0001,京都市下京区中堂寺命婦町1-10,34.99792017,135.7445288,http://www.pref.kyoto.jp/hinan/documents/2610680027.pdf,,
222,17下京,梅逕学区,元梅逕中学校,248,075-361-6201,京都市下京区大宮通八条上る三丁目東側垣ケ内町248,34.98626837,135.7496592,http://www.pref.kyoto.jp/hinan/documents/2610680016.pdf,,
221,17下京,郁文学区,洛友中学校(元郁文中学校),489,075-821-2196,京都市下京区大宮通綾小路下ル綾大宮町51-2,35.0019449,135.7487394,http://www.pref.kyoto.jp/hinan/documents/2610680015.pdf,,
220,17下京,七条第三学区,七条中学校,540,075-313-0972,京都市下京区西七条御領町32,34.99063178,135.7371768,http://www.pref.kyoto.jp/hinan/documents/2610680017.pdf,,
219,17下京,成徳学区,下京中学校成徳学舎,173,075-341-6229,京都市下京区高辻通室町西入繁昌町290,34.99998959,135.7573165,http://www.pref.kyoto.jp/hinan/documents/2610680023.pdf,,
218,17下京,尚徳学区,下京中学校,457,075-371-2100,京都市下京区楊梅通新町東入蛭子町120-1,34.99527052,135.7572639,http://www.pref.kyoto.jp/hinan/documents/2610680022.pdf,,
217,17下京,稚松学区,元六条院小学校,151,―,京都市下京区河原町通上枳殻馬場上る若松町420,34.99265135,135.7627606,#,,
216,17下京,有隣学区,元有隣小学校,203,075-351-2220,京都市下京区富小路通五条上る本神明町411,34.99703156,135.7646353,http://www.pref.kyoto.jp/hinan/documents/2610680001.pdf,,
215,17下京,崇仁学区,元崇仁小学校,352,075-341-7145,京都市下京区川端町16,34.98648252,135.7670826,http://www.pref.kyoto.jp/hinan/documents/2610680012.pdf,,
214,17下京,植柳学区,元植柳小学校,195,075-371-2740,京都市下京区西洞院通花屋町下る西洞院町466,34.99213464,135.7550419,http://www.pref.kyoto.jp/hinan/documents/2610680007.pdf,,
213,17下京,格致学区,下京雅小学校,208,075-351-2505,京都市下京区高辻通堀川東入西高辻町602,35.00072282,135.753314,http://www.pref.kyoto.jp/hinan/documents/2610680005.pdf,,
212,17下京,安寧学区,元安寧小学校,248,075-371-2515,京都市下京区東堀川通木津屋橋下る御方紺屋町1,34.98755997,135.7523256,http://www.pref.kyoto.jp/hinan/documents/2610680003.pdf,,
211,17下京,七条第三学区,七条第三小学校,349,075-313-7380,京都市下京区西七条西石ヶ坪町5,34.99285379,135.7340547,http://www.pref.kyoto.jp/hinan/documents/2610680011.pdf,,
210,17下京,西大路学区,西大路小学校,204,075-313-0501,京都市下京区七条御所ノ内西町71-1,34.98695425,135.727622,http://www.pref.kyoto.jp/hinan/documents/2610680013.pdf,,
209,17下京,七条学区,七条小学校,243,075-313-0077,京都市下京区西七条石井町61,34.98719038,135.7349575,http://www.pref.kyoto.jp/hinan/documents/2610680010.pdf,,
208,17下京,光徳学区,光徳小学校,392,075-841-3992,京都市下京区中堂寺坊城町26-1,34.99673692,135.743815,http://www.pref.kyoto.jp/hinan/documents/2610680014.pdf,,
207,17下京,大内学区,梅小路小学校,288,075-371-7303,京都市下京区観喜寺町3,34.9879932,135.7459289,http://www.pref.kyoto.jp/hinan/documents/2610680009.pdf,,
206,17下京,淳風学区,元淳風小学校,216,075-351-3800,京都市下京区大宮通花屋町上ル柿本町609-1,34.99344559,135.7498424,http://www.pref.kyoto.jp/hinan/documents/2610680004.pdf,,
205,17下京,醒泉学区,元醒泉小学校（現在工事中）※,288,075-351-2917,京都市下京区醒ヶ井通松原下ル篠屋町59,34.99844245,135.7531002,#,,
204,17下京,皆山学区,下京渉成小学校,384,075-342-2522,京都市下京区皆山町438-1,34.9896516,135.7623052,http://www.pref.kyoto.jp/hinan/documents/2610680024.pdf,,
203,17下京,豊園学区,洛央小学校,459,075-344-2093,京都市下京区仏光寺通東洞院東入仏光寺西町345-1,35.00162838,135.7615577,http://www.pref.kyoto.jp/hinan/documents/2610680006.pdf,,
202,16山科,山階学区,東本願寺山科別院長福寺,161,075-581-3410,京都市山科区竹鼻サイカシ町13-17,34.98576158,135.8142605,http://www.pref.kyoto.jp/hinan/documents/2611060029.pdf,,
201,16山科,山階学区,本願寺山科別院,237,075-581-0924,京都市山科区東野狐藪町2,34.9834139,135.8153726,http://www.pref.kyoto.jp/hinan/documents/2611060028.pdf,,
200,16山科,陵ケ岡学区,京都東山老年サナトリウム,227,075-771-4196,京都市山科区日ノ岡夷谷町11,35.00038686,135.7943602,http://www.pref.kyoto.jp/hinan/documents/2611060027.pdf,,
199,16山科,大宅学区,京都刑務所,247,075-581-2171,京都市山科区東野井ノ上町20,34.97646561,135.8174295,http://www.pref.kyoto.jp/hinan/documents/2611060030.pdf,,
198,16山科,勧修学区,山科地域体育館,677,075-595-9705,京都市山科区椥辻西浦町1-12,34.9769655,135.8136603,http://www.pref.kyoto.jp/hinan/documents/2611060021.pdf,,
197,16山科,勧修学区,京都市東部文化会館,147,075-502-1012,京都市山科区椥辻西浦町1-8,34.97642112,135.8140437,http://www.pref.kyoto.jp/hinan/documents/2611060020.pdf,,
196,16山科,安朱学区,京都市生涯学習総合センター山科,345,075-593-1515,京都市山科区竹鼻竹ノ街道町92 ラクト山科C棟2階,34.99015559,135.817727,http://www.pref.kyoto.jp/hinan/documents/2611060022.pdf,,
195,16山科,音羽学区,一燈園小学校・中学校・高等学校,408,075-595-3711,京都市山科区四ノ宮柳山町29,34.99594133,135.8286233,http://www.pref.kyoto.jp/hinan/documents/2611060024.pdf,,
194,16山科,大塚学区,東総合支援学校,183,075-594-6501,京都市山科区大塚高岩3,34.97894044,135.8318755,http://www.pref.kyoto.jp/hinan/documents/2611060019.pdf,,
193,16山科,鏡山学区,京都薬科大学,810,075-595-4600,京都市山科区御陵中内町5,34.99111628,135.8092223,http://www.pref.kyoto.jp/hinan/documents/2611060025.pdf,,
192,16山科,大宅学区,京都橘大学,480,075-571-1111,京都市山科区大宅山田町34,34.96853602,135.8261287,http://www.pref.kyoto.jp/hinan/documents/2611060026.pdf,,
191,16山科,安朱学区,府立洛東高等学校,806,075-581-1124,京都市山科区安朱川向町10,34.99708256,135.8174688,http://www.pref.kyoto.jp/hinan/documents/2611060023.pdf,,
190,16山科,鏡山学区,花山中学校,384,075-581-5128,京都市山科区北花山横田町27-1,34.98848574,135.8027397,http://www.pref.kyoto.jp/hinan/documents/2611060015.pdf,,
189,16山科,大塚学区,音羽中学校,320,075-581-9115,京都市山科区大塚野溝町86,34.98288443,135.8284231,http://www.pref.kyoto.jp/hinan/documents/2611060014.pdf,,
188,16山科,山階学区,安祥寺中学校,324,075-592-2848,京都市山科区西野今屋敷町9-6,34.98579764,135.8126496,http://www.pref.kyoto.jp/hinan/documents/2611060016.pdf,,
187,16山科,大宅学区,大宅中学校,384,075-573-3067,京都市山科区大宅山田113,34.96717227,135.821543,http://www.pref.kyoto.jp/hinan/documents/2611060018.pdf,,
186,16山科,小野学区,勧修中学校,320,075-591-9111,京都市山科区勧修寺平田町92,34.9661167,135.8126717,http://www.pref.kyoto.jp/hinan/documents/2611060017.pdf,,
185,16山科,山階南学区,山科中学校,432,075-594-1151,京都市山科区東野八反畑町50-1,34.97665715,135.8102245,http://www.pref.kyoto.jp/hinan/documents/2611060013.pdf,,
184,16山科,大宅学区,大宅小学校,336,075-591-0015,京都市山科区大宅五反畑町69-2,34.9742901,135.8236303,http://www.pref.kyoto.jp/hinan/documents/2611060007.pdf,,
183,16山科,百々学区,百々小学校,336,075-593-3250,京都市山科区西野山百々町173-1,34.9767456,135.7960682,http://www.pref.kyoto.jp/hinan/documents/2611060008.pdf,,
182,16山科,小野学区,小野小学校,283,075-571-8282,京都市山科区小野蚊ヶ瀬町2,34.96371694,135.8118801,http://www.pref.kyoto.jp/hinan/documents/2611060011.pdf,,
181,16山科,勧修学区,勧修小学校,280,075-591-0003,京都市山科区勧修寺東栗栖野町42,34.96994958,135.8083638,http://www.pref.kyoto.jp/hinan/documents/2611060003.pdf,,
180,16山科,大塚学区,大塚小学校,279,075-592-6141,京都市山科区大塚野溝町59,34.98303443,135.8299146,http://www.pref.kyoto.jp/hinan/documents/2611060009.pdf,,
179,16山科,音羽川学区,音羽川小学校,280,075-501-4414,京都市山科区音羽西林36,34.98282045,135.820821,http://www.pref.kyoto.jp/hinan/documents/2611060010.pdf,,
178,16山科,音羽学区,音羽小学校,280,075-592-0001,京都市山科区音羽森廻り町32,34.98582572,135.8250095,http://www.pref.kyoto.jp/hinan/documents/2611060002.pdf,,
177,16山科,陵ケ岡学区,陵ケ岡小学校,336,075-591-0002,京都市山科区御陵岡町45,34.99274901,135.8029676,http://www.pref.kyoto.jp/hinan/documents/2611060006.pdf,,
176,16山科,鏡山学区,鏡山小学校,308,075-581-2183,京都市山科区御陵血洗町18,34.9905767,135.8063185,http://www.pref.kyoto.jp/hinan/documents/2611060001.pdf,,
175,16山科,安朱学区,安朱小学校,199,075-591-0001,京都市山科区安朱山川町17,34.99621324,135.8182604,http://www.pref.kyoto.jp/hinan/documents/2611060004.pdf,,
174,16山科,山階南学区,山階南小学校,336,075-592-2849,京都市山科区東野八代10,34.9774939,135.8073671,http://www.pref.kyoto.jp/hinan/documents/2611060005.pdf,,
173,16山科,西野学区,西野小学校,279,075-501-5700,京都市山科区西野櫃川町34,34.98227836,135.8032006,http://www.pref.kyoto.jp/hinan/documents/2611060012.pdf,,
172,16山科,山階学区,山階小学校,308,075-581-2143,京都市山科区西野大手先町21,34.98379514,135.8131828,http://www.pref.kyoto.jp/hinan/documents/2611060000.pdf,,
171,15東山,貞教学区,京都国立博物館　平成知新館,300,075-531-7503,京都市東山区茶屋町526,34.990581,135.772377,http://www.pref.kyoto.jp/hinan/documents/2610500029.pdf,,
170,15東山,弥栄学区,漢検　漢字博物館・図書館,102,075-757-8600,京都市東山区祇園町南側551,35.00318,135.77636,http://www.pref.kyoto.jp/hinan/documents/2610500026.pdf,,
169,15東山,弥栄学区,弥栄自治会館,75,-,京都市東山区祇園町南側,35.0032,135.77691,http://www.pref.kyoto.jp/hinan/documents/2610500025.pdf,,
168,15東山,粟田学区,立正佼成会 京都教会,725,075-762-2211,京都市東山区三条白川橋東入ル5丁目東町230,35.00988889,135.7859412,http://www.pref.kyoto.jp/hinan/documents/2610500022.pdf,,
167,15東山,修道学区,妙法院,167,075-561-1744,京都市東山区妙法院前側町447,34.9904045,135.7755621,http://www.pref.kyoto.jp/hinan/documents/2610500019.pdf,,
166,15東山,月輪学区,東福寺,364,075-561-0087,京都市東山区本町十五丁目778,34.9767345,135.7742716,http://www.pref.kyoto.jp/hinan/documents/2610500021.pdf,,
165,15東山,弥栄学区,知恩院 和順会館,249,075-205-5013,京都市東山区林下町400-2,35.00456153,135.7803668,http://www.pref.kyoto.jp/hinan/documents/2610500017.pdf,,
164,15東山,新道学区,建仁寺,160,075-561-6363,京都市東山区大和大路通四条下る四丁目小松町584,34.99972307,135.7744314,http://www.pref.kyoto.jp/hinan/documents/2610500018.pdf,,
163,15東山,六原学区,大谷本廟,172,075-531-4171,京都市東山区五条橋東六丁目514,34.99342088,135.777234,http://www.pref.kyoto.jp/hinan/documents/2610500020.pdf,,
162,15東山,清水学区,東山地域体育館,417,075-532-0474,京都市東山区清水五丁目130-6 東山区総合庁舎3階,34.99702887,135.7763396,http://www.pref.kyoto.jp/hinan/documents/2610500009.pdf,,
161,15東山,修道学区,府立陶工高等技術専門校,107,075-561-2943,京都市東山区今熊野阿弥陀ヶ峰町17-2,34.99069342,135.7819947,http://www.pref.kyoto.jp/hinan/documents/2610500010.pdf,,
160,15東山,修道学区,東山総合支援学校,576,075-561-3373,京都市東山区東大路渋谷下る妙法院前側町441,34.99201268,135.7756398,http://www.pref.kyoto.jp/hinan/documents/2610500012.pdf,,
159,15東山,今熊野学区,京都女子大学,1178,075-531-7030,京都市東山区今熊野北日吉町35,34.9886047,135.7798422,http://www.pref.kyoto.jp/hinan/documents/2610500016.pdf,,
158,15東山,弥栄学区,京都華頂大学・華頂短期大学,692,075-551-1188,京都市東山区林下町3-456,35.00680356,135.779876,http://www.pref.kyoto.jp/hinan/documents/2610500023.pdf,,
157,15東山,月輪学区,日吉ケ丘高等学校,802,075-561-0710,京都市東山区今熊野悲田院山町5-22,34.97882517,135.7759373,http://www.pref.kyoto.jp/hinan/documents/2610500008.pdf,,
156,15東山,修道学区,京都女子中学・高等学校,1423,075-531-7358,京都市東山区今熊野北日吉町17,34.99009621,135.7770175,#,,
155,15東山,弥栄学区,華頂女子中学高等学校,630,075-541-0391,京都市東山区林下町3-456,35.0068558,135.7807445,#,,
154,15東山,一橋学区,大谷中学高等学校,1350,075-541-1312,京都市東山区今熊野池田町12,34.98404398,135.7720543,http://www.pref.kyoto.jp/hinan/documents/2610500011.pdf,,
153,15東山,一橋学区,東山泉小・中学校 東学舎,432,075-532-0355,京都市東山区泉涌寺山内町5,34.97963903,135.7782509,http://www.pref.kyoto.jp/hinan/documents/2610500013.pdf,,
152,15東山,一橋学区,東山泉小・中学校 西学舎,579,075-532-0377,京都市東山区大和大路通七条下る5丁目下池田町527,34.98393285,135.7707961,http://www.pref.kyoto.jp/hinan/documents/2610500024.pdf,,
151,15東山,六原学区,開睛小・中学校,1125,075-533-8811,京都市東山区六波羅裏門通東入多門町155,34.99634282,135.7741732,http://www.pref.kyoto.jp/hinan/documents/2610500007.pdf,,
150,15東山,有済学区,元有済小学校,260,075-541-2151,京都市東山区大和大路通三条下る東入若松町393,35.00789458,135.7739062,http://www.pref.kyoto.jp/hinan/documents/2610500001.pdf,,
149,15東山,貞教学区,京都美術工芸大学京都東山キャンパス,305,075-525-1515,京都市東山区鞘町通正面下る上堀詰町272,34.991177,135.7680758,http://www.pref.kyoto.jp/hinan/documents/2610500000.pdf,,
148,15東山,月輪学区,元月輪小学校,323,075-561-4380,京都市東山区本町通三ノ橋上る本町十七丁目358,34.97789182,135.7718517,http://www.pref.kyoto.jp/hinan/documents/2610500005.pdf,,
147,15東山,新道学区,元新道小学校,140,075-531-0196,京都市東山区大和大路通四条下る四丁目小松町130,34.99958141,135.7718678,http://www.pref.kyoto.jp/hinan/documents/2610500003.pdf,,
146,15東山,粟田学区,元白川小学校,425,075-561-0020,京都市東山区三条通白川橋東入三丁目夷町175－2,35.0090695,135.7837886,#,,
145,15東山,今熊野学区,元今熊野小学校,252,075-561-3322,京都市東山区今熊野南日吉町27-3,34.98462735,135.7776842,http://www.pref.kyoto.jp/hinan/documents/2610500006.pdf,,
144,14中京,朱雀第四学区,両洋学園両洋高等学校第二体育館,360,075-841-2025,京都市中京区西ノ京南原町58,35.010154,135.733982,http://www.pref.kyoto.jp/hinan/documents/2610410040.pdf,,
143,14中京,朱雀第五学区,真如苑京都四条,156,075-822-3443,京都市中京区壬生森町29-1,35.00379461,135.7380292,http://www.pref.kyoto.jp/hinan/documents/2610410037.pdf,,
142,14中京,本能学区,堀川高等学校本能館及び本能自治会館,450,075-211-5351,京都市中京区元本能寺南町346,35.0058977,135.7540374,http://www.pref.kyoto.jp/hinan/documents/2610410036.pdf,,
141,14中京,銅駝学区,職員会館かもがわ,254,075-256-1308,京都市中京区土手町通夷川上ル末丸町284,35.01564944,135.7708119,http://www.pref.kyoto.jp/hinan/documents/2610410035.pdf,,
140,14中京,日彰学区,京都市男女共同参画センター ウィングス京都,374,075-212-7490,京都市中京区東洞院通六角下ル御射山町262,35.0069474,135.7613297,http://www.pref.kyoto.jp/hinan/documents/2610410026.pdf,,
139,14中京,朱雀第二学区,京都市生涯学習総合センター 京都アスニー,345,075-802-3141,京都市中京区聚楽廻松下町9-2,35.0189961,135.7384261,http://www.pref.kyoto.jp/hinan/documents/2610410023.pdf,,
138,14中京,梅屋学区,京都市子ども保健医療相談・事故防止センター 京あんしんこども館,90,075-231-8002,京都市中京区釜座通丸太町上ル梅屋町174-3,35.01781037,135.7558799,http://www.pref.kyoto.jp/hinan/documents/2610410034.pdf,,
137,14中京,竹間学区,京都市子育て支援総合センター こどもみらい館,983,075-254-5001,京都市中京区間之町通竹屋町下ル楠町601-1,35.0155273,135.7612184,http://www.pref.kyoto.jp/hinan/documents/2610410032.pdf,,
136,14中京,初音学区,京都市教育相談総合センター こどもパトナ,280,075-213-5622,京都市中京区姉小路通東洞院東入曇華院前町706-3,35.0094741,135.7614613,http://www.pref.kyoto.jp/hinan/documents/2610410003.pdf,,
135,14中京,龍池学区,京都国際マンガミュージアム,254,075-254-7414,京都市中京区烏丸通御池上ル金吹町452,35.01173867,135.7590215,http://www.pref.kyoto.jp/hinan/documents/2610410024.pdf,,
134,14中京,明倫,京都芸術センター,679,075-213-1000,京都市中京区室町通蛸薬師下ル山伏山町546-2,35.00543361,135.758344,http://www.pref.kyoto.jp/hinan/documents/2610410025.pdf,,
133,14中京,竹間学区,中京もえぎ幼稚園,481,075-254-8441,京都市中京区間之町通竹屋町下ル楠町601-1,35.0155273,135.7612184,http://www.pref.kyoto.jp/hinan/documents/2610410033.pdf,,
132,14中京,朱雀第八学区,花園大学,805,075-811-5181,京都市中京区西ノ京壺ノ内町8-1,35.016485,135.7265967,http://www.pref.kyoto.jp/hinan/documents/2610410028.pdf,,
131,14中京,朱雀第八学区,洛陽総合高等学校,599,075-802-0394,京都市中京区西ノ京春日町8,35.01790435,135.7279049,http://www.pref.kyoto.jp/hinan/documents/2610410029.pdf,,
130,14中京,朱雀第五学区,京都両洋高等学校,475,075-841-2025,京都市中京区壬生上大竹町13,35.00757201,135.7334601,http://www.pref.kyoto.jp/hinan/documents/2610410030.pdf,,
129,14中京,朱雀第六学区,府立朱雀高等学校,431,075-841-0127,京都市中京区西ノ京式部町1,35.01449104,135.7447006,http://www.pref.kyoto.jp/hinan/documents/2610410027.pdf,,
128,14中京,本能学区,堀川高等学校,510,075-211-5351,京都市中京区東堀川通錦小路上ル四坊堀川町622-2,35.00533356,135.7527306,http://www.pref.kyoto.jp/hinan/documents/2610410020.pdf,,
127,14中京,城巽学区,京都堀川音楽高等学校,268,075-253-1581,京都市中京区油小路通御池押油小路町238-1,35.0119283,135.7527582,http://www.pref.kyoto.jp/hinan/documents/2610410031.pdf,,
126,14中京,銅駝学区,銅駝美術工芸高等学校,296,075-211-4984,京都市中京区土手町通竹屋町下ル鉾田町542,35.01463843,135.7701537,http://www.pref.kyoto.jp/hinan/documents/2610410022.pdf,,
125,14中京,朱雀第八学区,西京高等学校,541,075-841-0010,京都市中京区西ノ京東中合町1,35.01140222,135.7308158,http://www.pref.kyoto.jp/hinan/documents/2610410021.pdf,,
124,14中京,朱雀第六学区,西ノ京中学校,450,075-802-3365,京都市中京区西ノ京永本町7-1,35.01267999,135.7382096,http://www.pref.kyoto.jp/hinan/documents/2610410019.pdf,,
123,14中京,朱雀第三学区,松原中学校,320,075-841-0650,京都市中京区壬生相合町1,34.99985617,135.7478201,http://www.pref.kyoto.jp/hinan/documents/2610410018.pdf,,
122,14中京,朱雀第一学区,中京中学校,563,075-801-3266,京都市中京区西ノ京北聖町51,35.01289672,135.7438396,http://www.pref.kyoto.jp/hinan/documents/2610410016.pdf,,
121,14中京,柳池学区,京都御池中学校,448,075-221-0414,京都市中京区柳馬場通御池上ル虎石町45-3,35.01171091,135.7642876,http://www.pref.kyoto.jp/hinan/documents/2610410014.pdf,,
120,14中京,朱雀第五学区,朱雀中学校,195,075-841-0205,京都市中京区壬生中川町20-1,35.00700822,135.737107,http://www.pref.kyoto.jp/hinan/documents/2610410015.pdf,,
119,14中京,朱雀第八学区,北野中学校,373,075-463-7101,京都市中京区西ノ京中保町1-4,35.02159294,135.7311018,http://www.pref.kyoto.jp/hinan/documents/2610410017.pdf,,
118,14中京,生祥学区,元生祥小学校,337,075-221-1406,京都市中京区富小路通六角下る骨屋之町549,35.0068252,135.7651377,http://www.pref.kyoto.jp/hinan/documents/2610410000.pdf,,
117,14中京,教業学区,元教業小学校,175,075-841-3077,京都市中京区大宮通御池下る三坊大宮町121-2,35.0100498,135.7484253,http://www.pref.kyoto.jp/hinan/documents/2610410001.pdf,,
116,14中京,朱雀第八学区,朱雀第八小学校,301,075-841-0080,京都市中京区西ノ京中御門西町25,35.01664614,135.7287659,http://www.pref.kyoto.jp/hinan/documents/2610410013.pdf,,
115,14中京,朱雀第七学区,朱雀第七小学校,230,075-311-0307,京都市中京区壬生東土居ノ内町20,35.00300575,135.7356295,http://www.pref.kyoto.jp/hinan/documents/2610410012.pdf,,
114,14中京,朱雀第六学区,朱雀第六小学校,209,075-841-3206,京都市中京区西ノ京車坂町15-5,35.0164963,135.7384789,http://www.pref.kyoto.jp/hinan/documents/2610410011.pdf,,
113,14中京,朱雀第四学区,朱雀第四小学校,336,075-841-3204,京都市中京区西ノ京笠殿町164,35.0140604,135.7338766,http://www.pref.kyoto.jp/hinan/documents/2610410010.pdf,,
112,14中京,朱雀第三学区,朱雀第三小学校,323,075-312-3203,京都市中京区壬生松原町81,34.99824231,135.7400014,http://www.pref.kyoto.jp/hinan/documents/2610410009.pdf,,
111,14中京,朱雀第二学区,朱雀第二小学校,399,075-841-3202,京都市中京区西ノ京左馬寮町3-1,35.01801282,135.7364958,http://www.pref.kyoto.jp/hinan/documents/2610410008.pdf,,
110,14中京,朱雀第一学区,朱雀第一小学校,822,075-841-3201,京都市中京区壬生朱雀町8-2,35.0076266,135.7435836,http://www.pref.kyoto.jp/hinan/documents/2610410007.pdf,,
109,14中京,乾学区,洛中小学校,192,075-841-0260,京都市中京区壬生坊城町57-1,35.0059912,135.7475116,http://www.pref.kyoto.jp/hinan/documents/2610410006.pdf,,
108,14中京,日彰学区,高倉小学校,336,075-211-8784,京都市中京区高倉通六角下ル和久屋町343,35.00681685,135.7618491,http://www.pref.kyoto.jp/hinan/documents/2610410005.pdf,,
107,14中京,富有学区,御所南小学校,451,075-223-0148,京都市中京区柳馬場通夷川上ル五町目242,35.01595222,135.7644653,http://www.pref.kyoto.jp/hinan/documents/2610410004.pdf,,
106,13左京,市原野学区,市原野会館,57,―,京都市左京区静市市原町254-2,35.086111,135.759973,http://www.pref.kyoto.jp/hinan/documents/2610330053.pdf,,
105,13左京,川東学区,天理教河原町大教会,1000,075-761-8121,京都市左京区東丸太町1-1,35.01811866,135.7734116,http://www.pref.kyoto.jp/hinan/documents/2610330045.pdf,,
104,13左京,聖護院学区,京都市武道センター,937,075-751-1255,京都市左京区聖護院円頓美町46-2,35.01700769,135.7808109,http://www.pref.kyoto.jp/hinan/documents/2610330034.pdf,,
103,13左京,錦林東山学区,京都市国際交流会館,363,075-752-3010,京都市左京区粟田口鳥居町2-1,35.01070829,135.7874771,http://www.pref.kyoto.jp/hinan/documents/2610330036.pdf,,
102,13左京,久多学区,京都市久多いきいきセンター,44,075-748-2775,京都市左京区久多下の町203,35.2640559,135.8231143,http://www.pref.kyoto.jp/hinan/documents/2610330035.pdf,,
101,13左京,浄楽,白河総合支援学校,171,075-771-5510,京都市左京区岡崎東福ノ川町9-2,35.0205796,135.7845188,http://www.pref.kyoto.jp/hinan/documents/2610330025.pdf,,
100,13左京,葵学区,京都ノートルダム女子大学,533,075-781-1173,京都市左京区下鴨南野々神町1,35.05042058,135.7724732,http://www.pref.kyoto.jp/hinan/documents/2610330039.pdf,,
99,13左京,市原野学区,京都精華大学,1552,075-702-5228,京都市左京区岩倉木野町137,35.0731376,135.770978,http://www.pref.kyoto.jp/hinan/documents/2610330042.pdf,,
98,13左京,松ヶ崎学区,京都工芸繊維大学,1103,075-724-7011,京都市左京区松ヶ崎橋上町,35.05004017,135.782933,http://www.pref.kyoto.jp/hinan/documents/2610330046.pdf,,
97,13左京,岩倉南,府立北稜高等学校,609,075-701-2900,京都市左京区岩倉幡枝町2105,35.07049346,135.7731889,http://www.pref.kyoto.jp/hinan/documents/2610330038.pdf,,
96,13左京,葵学区,府立洛北高等学校,429,075-781-0020,京都市左京区下鴨梅ノ木町59,35.04599881,135.7714541,http://www.pref.kyoto.jp/hinan/documents/2610330037.pdf,,
95,13左京,錦林東山学区,東山中学・高等学校,1161,075-771-9121,京都市左京区永観堂町51,35.0132443,135.7942627,http://www.pref.kyoto.jp/hinan/documents/2610330044.pdf,,
94,13左京,錦林東山学区,ノートルダム女学院中学校・高等学校,519,075-771-0570,京都市左京区鹿ヶ谷桜谷町110,35.01937996,135.7964957,http://www.pref.kyoto.jp/hinan/documents/2610330040.pdf,,
93,13左京,岩倉南,同志社中学校・高等学校 南体育館,600,075-781-7121,京都市左京区岩倉大鷺町89,35.06681333,135.7861404,http://www.pref.kyoto.jp/hinan/documents/2610330043.pdf,,
92,13左京,吉田学区,京都精華学園中学・高等学校,1512,075-771-4181,京都市左京区吉田河原町5-1,35.02499296,135.7726839,http://www.pref.kyoto.jp/hinan/documents/2610330041.pdf,,
91,13左京,大原学区,大原中学校(京都大原学院),352,075-744-2004,京都市左京区大原来迎院町22,35.12115479,135.8285579,http://www.pref.kyoto.jp/hinan/documents/2610330033.pdf,,
90,13左京,明徳,洛北中学校,538,075-721-7445,京都市左京区岩倉忠在地町823,35.07081014,135.7877401,http://www.pref.kyoto.jp/hinan/documents/2610330031.pdf,,
89,13左京,修学院第二学区,修学院中学校,528,075-781-3000,京都市左京区一乗寺御祭田町2,35.0421967,135.7885964,http://www.pref.kyoto.jp/hinan/documents/2610330030.pdf,,
88,13左京,吉田学区,近衛中学校,280,075-771-0007,京都市左京区吉田近衛町26-53,35.02173501,135.7798332,http://www.pref.kyoto.jp/hinan/documents/2610330029.pdf,,
87,13左京,下鴨学区,下鴨中学校,440,075-781-9181,京都市左京区下鴨泉川町40-1,35.03835256,135.7750729,http://www.pref.kyoto.jp/hinan/documents/2610330028.pdf,,
86,13左京,養徳学区,高野中学校,477,075-781-8134,京都市左京区田中上古川町25,35.0399219,135.7830858,http://www.pref.kyoto.jp/hinan/documents/2610330027.pdf,,
85,13左京,岡崎,岡崎中学校,526,075-771-4191,京都市左京区岡崎東天王町1,35.01624675,135.7896268,http://www.pref.kyoto.jp/hinan/documents/2610330026.pdf,,
84,13左京,花背学区,花背小・中学校,205,075-746-0131,京都市左京区花脊大布施町797,35.20887862,135.7744631,http://www.pref.kyoto.jp/hinan/documents/2610330032.pdf,,
83,13左京,花脊学区,元八桝小学校,104,075-746-0013,京都市左京区花脊八桝町20-1,35.21527512,135.777699,http://www.pref.kyoto.jp/hinan/documents/2610330023.pdf,,
82,13左京,花脊学区,元別所小学校,89,075-705-5007,京都市左京区花脊別所町636,35.17096872,135.7826564,http://www.pref.kyoto.jp/hinan/documents/2610330022.pdf,,
81,13左京,新洞地区,元新洞小学校,191,075-771-0459,京都市左京区仁王門通新東洞院上る新東洞院町252,35.01246919,135.7750616,http://www.pref.kyoto.jp/hinan/documents/2610330003.pdf,,
80,13左京,広河原学区,元堰源小学校,100,075-746-0315,京都市左京区広河原能見町87,35.24967642,135.7661309,http://www.pref.kyoto.jp/hinan/documents/2610330024.pdf,,
79,13左京,鞍馬学区,鞍馬小学校,108,075-741-2006,京都市左京区鞍馬本町632,35.10581992,135.7647229,http://www.pref.kyoto.jp/hinan/documents/2610330021.pdf,,
78,13左京,静原学区,静原小学校,210,075-741-2075,京都市左京区静市静原町1125-1,35.10928379,135.7967807,http://www.pref.kyoto.jp/hinan/documents/2610330020.pdf,,
77,13左京,市原野学区,市原野小学校,252,075-741-2450,京都市左京区静市野中町105,35.08986909,135.7645924,http://www.pref.kyoto.jp/hinan/documents/2610330019.pdf,,
76,13左京,大原学区,大原百井分校(休校中),51,075-744-2010,京都市左京区大原百井町105,35.16316959,135.8117759,http://www.pref.kyoto.jp/hinan/documents/2610330018.pdf,,
75,13左京,大原学区,大原小学校(京都大原学院),134,075-744-2004,京都市左京区大原来迎院町22,35.12115479,135.8285579,http://www.pref.kyoto.jp/hinan/documents/2610330017.pdf,,
74,13左京,八瀬,八瀬小学校,71,075-781-5092,京都市左京区八瀬秋元町324-1,35.084988,135.8173011,http://www.pref.kyoto.jp/hinan/documents/2610330016.pdf,,
73,13左京,岩倉北,岩倉北小学校,279,075-721-5618,京都市左京区岩倉忠在地町5,35.08543084,135.7880484,http://www.pref.kyoto.jp/hinan/documents/2610330015.pdf,,
72,13左京,岩倉南,岩倉南小学校,322,075-791-3207,京都市左京区岩倉北四ノ坪町33,35.06704385,135.7844572,http://www.pref.kyoto.jp/hinan/documents/2610330014.pdf,,
71,13左京,明徳,明徳小学校,399,075-701-0111,京都市左京区岩倉忠在地町221,35.0754599,135.7864866,http://www.pref.kyoto.jp/hinan/documents/2610330013.pdf,,
70,13左京,松ヶ崎学区,松ヶ崎小学校,280,075-781-3380,京都市左京区松ヶ崎堀町40,35.05299539,135.7820164,http://www.pref.kyoto.jp/hinan/documents/2610330012.pdf,,
69,13左京,修学院第二学区,修学院第二小学校,353,075-781-5400,京都市左京区一乗寺里ノ西町35,35.0450408,135.7886603,http://www.pref.kyoto.jp/hinan/documents/2610330010.pdf,,
68,13左京,上高野学区,上高野小学校,280,075-701-3995,京都市左京区上高野松田町8,35.06129458,135.7952704,http://www.pref.kyoto.jp/hinan/documents/2610330011.pdf,,
67,13左京,修学院学区,修学院小学校,318,075-781-4439,京都市左京区修学院沖殿町1,35.05298995,135.7942485,http://www.pref.kyoto.jp/hinan/documents/2610330009.pdf,,
66,13左京,葵学区,葵小学校,318,075-701-7151,京都市左京区下鴨東梅ノ木町8,35.04548776,135.7730678,http://www.pref.kyoto.jp/hinan/documents/2610330008.pdf,,
65,13左京,下鴨学区,下鴨小学校,396,075-781-0382,京都市左京区下鴨宮崎町4-2,35.03741656,135.7684457,http://www.pref.kyoto.jp/hinan/documents/2610330007.pdf,,
64,13左京,養徳学区,養徳小学校,227,075-721-6623,京都市左京区田中上大久保町24,35.03771661,135.7837329,http://www.pref.kyoto.jp/hinan/documents/2610330006.pdf,,
63,13左京,養正学区,養正小学校,279,075-791-7184,京都市左京区田中飛鳥井町1,35.03268938,135.7785445,http://www.pref.kyoto.jp/hinan/documents/2610330005.pdf,,
62,13左京,北白川学区,北白川小学校,353,075-791-1158,京都市左京区北白川別当町70,35.03203964,135.7926792,http://www.pref.kyoto.jp/hinan/documents/2610330004.pdf,,
61,13左京,吉田学区,第四錦林小学校,251,075-771-0384,京都市左京区吉田上阿達町15-2,35.02546237,135.774842,http://www.pref.kyoto.jp/hinan/documents/2610330002.pdf,,
60,13左京,錦林東山学区,第三錦林小学校,318,075-771-4844,京都市左京区鹿ヶ谷宮ノ前町6,35.0188466,135.7929904,http://www.pref.kyoto.jp/hinan/documents/2610330001.pdf,,
59,13左京,岡崎,錦林小学校,280,075-771-0921,京都市左京区岡崎入江町1-1,35.01813537,135.7823358,http://www.pref.kyoto.jp/hinan/documents/2610330000.pdf,,
58,12上京,滋野学区,京都まなびの街生き方探究館,280,075-253-0880,京都市上京区西洞院通下立売下ル東裏辻町402,35.01989351,135.754855,http://www.pref.kyoto.jp/hinan/documents/2610250004.pdf,,
57,12上京,小川学区,みつば幼稚園,124,075-441-3752,京都市上京区小川通今出川下ル針屋町370,35.02917311,135.7539384,http://www.pref.kyoto.jp/hinan/documents/2610250018.pdf,,
56,12上京,成逸,北総合支援学校,298,075-431-6636,京都市上京区堀川通寺之内上ル2丁目下天神町650-1,35.03534748,135.7506526,http://www.pref.kyoto.jp/hinan/documents/2610250019.pdf,,
55,12上京,春日学区,府立鴨沂高等学校,673,―,京都市上京区寺町通荒神口下ル松蔭町131,35.02019072,135.767501,http://www.pref.kyoto.jp/hinan/documents/2610250020.pdf,,
54,12上京,出水学区,二条中学校,530,075-821-1196,京都市上京区竹屋町通千本東入主税町911,35.01535208,135.7447534,http://www.pref.kyoto.jp/hinan/documents/2610250017.pdf,,
53,12上京,嘉楽学区,嘉楽中学校,432,075-431-0312,京都市上京区今出川通千本東入般舟院前町148,35.03082842,135.7437171,http://www.pref.kyoto.jp/hinan/documents/2610250015.pdf,,
52,12上京,中立学区,上京中学校,280,075-431-8151,京都市上京区一条通室町西入東日野殿町395・396,35.02579015,135.7574381,http://www.pref.kyoto.jp/hinan/documents/2610250016.pdf,,
51,12上京,室町,烏丸中学校,327,075-431-0168,京都市上京区烏丸通上立売上ル相国寺門前町647-23,35.03444752,135.7601241,http://www.pref.kyoto.jp/hinan/documents/2610250014.pdf,,
50,12上京,西陣学区,元西陣小学校,187,075-441-0172,京都市上京区上立売通堀川西入幸在町689,35.03236695,135.7496968,http://www.pref.kyoto.jp/hinan/documents/2610250001.pdf,,
49,12上京,待賢学区,元待賢小学校,212,075-841-0094,京都市上京区丸太町通黒門東入藁屋町536-1,35.01684925,135.7501389,http://www.pref.kyoto.jp/hinan/documents/2610250003.pdf,,
48,12上京,聚楽学区,元聚楽小学校,204,075-451-0090,京都市上京区葭屋町通中立売下る北俵町317,35.02444857,135.7510137,http://www.pref.kyoto.jp/hinan/documents/2610250002.pdf,,
47,12上京,春日学区,御所東小学校,216,075-211-8477,京都市上京区新烏丸通丸太町上ル錦砂町290-2,35.01824367,135.7684871,http://www.pref.kyoto.jp/hinan/documents/2610250000.pdf,,
46,12上京,正親学区,正親小学校,214,075-451-0091,京都市上京区浄福寺通中立売下ル菱丸町173,35.0246457,135.7454948,http://www.pref.kyoto.jp/hinan/documents/2610250013.pdf,,
45,12上京,仁和,仁和小学校,306,075-462-0092,京都市上京区御前通一条下ル東竪町132-1,35.0247289,135.7368373,http://www.pref.kyoto.jp/hinan/documents/2610250011.pdf,,
44,12上京,翔鸞学区,翔鸞小学校,330,075-462-0084,京都市上京区御前通今出川上ル鳥居前町671,35.03193652,135.7379538,http://www.pref.kyoto.jp/hinan/documents/2610250010.pdf,,
43,12上京,乾隆学区,乾隆小学校,288,075-451-0085,京都市上京区寺之内通千本東入1丁目下ル姥ヶ寺之前町919-3,35.03376422,135.742695,http://www.pref.kyoto.jp/hinan/documents/2610250009.pdf,,
42,12上京,出水学区,二条城北小学校,298,075-841-8684,京都市上京区浄福寺通下立売下ル中務町487,35.01907121,135.7452699,http://www.pref.kyoto.jp/hinan/documents/2610250012.pdf,,
41,12上京,中立学区,新町小学校,301,075-432-4190,京都市上京区中立売通室町西入三丁町457,35.02547906,135.7564771,http://www.pref.kyoto.jp/hinan/documents/2610250007.pdf,,
40,12上京,京極,京極小学校,246,075-231-0959,京都市上京区寺町通石薬師下ル西側染殿町658,35.02772325,135.7677038,http://www.pref.kyoto.jp/hinan/documents/2610250005.pdf,,
39,12上京,桃薗学区,西陣中央小学校,441,075-432-5522,京都市上京区大宮通今出川上ル観世町135-1,35.0302091,135.7484472,http://www.pref.kyoto.jp/hinan/documents/2610250008.pdf,,
38,12上京,室町,室町小学校,336,075-431-0358,京都市上京区室町通上立売上ル室町頭町261,35.03326711,135.7581742,http://www.pref.kyoto.jp/hinan/documents/2610250006.pdf,,
37,11北,中川学区,杉阪公民館,33,―,京都市北区杉阪道風町87,35.09459021,135.7005009,http://www.pref.kyoto.jp/hinan/documents/2610170037.pdf,,
36,11北,出雲路学区,京都市交響楽団練習場,144,075-222-0347,京都市北区出雲路立テ本町103,35.03891363,135.7645238,http://www.pref.kyoto.jp/hinan/documents/2610170035.pdf,,
35,11北,待鳳学区,府立盲学校(大徳寺校地),167,075-492-6733,京都市北区紫野大徳寺町27,35.04382414,135.7387564,http://www.pref.kyoto.jp/hinan/documents/2610170025.pdf,,
34,11北,楽只学区,府立盲学校(花ノ坊校地),177,075-462-5083,京都市北区紫野花ノ坊町1,35.04004676,135.7373038,http://www.pref.kyoto.jp/hinan/documents/2610170027.pdf,,
33,11北,金閣学区,立命館大学衣笠キャンパス,1227,075-465-8165,京都市北区等持院北町56-1,35.03265001,135.7241606,http://www.pref.kyoto.jp/hinan/documents/2610170029.pdf,,
32,11北,楽只学区,佛教大学,750,075-491-2141,京都市北区紫野北花ノ坊町96,35.04316586,135.7373038,http://www.pref.kyoto.jp/hinan/documents/2610170034.pdf,,
31,11北,柊野学区,京都産業大学,2562,075-705-1580,京都市北区上賀茂本山,35.06951,135.7568,http://www.pref.kyoto.jp/hinan/documents/2610170030.pdf,,
30,11北,紫明学区,大谷大学,700,075-432-3131,京都市北区小山上総町,35.04246,135.7585,http://www.pref.kyoto.jp/hinan/documents/2610170031.pdf,,
29,11北,大将軍学区,府立医科大学花園学舎,552,―,京都市北区大将軍西鷹司町13-2,35.02342881,135.7277076,http://www.pref.kyoto.jp/hinan/documents/2610170028.pdf,,
28,11北,大将軍学区,府立山城高等学校,770,075-463-8261,京都市北区大将軍坂田町29,35.02298159,135.7256689,http://www.pref.kyoto.jp/hinan/documents/2610170026.pdf,,
27,11北,待鳳学区,紫野高等学校,580,075-491-0221,京都市北区紫野大徳寺町22,35.0430965,135.7419756,http://www.pref.kyoto.jp/hinan/documents/2610170024.pdf,,
26,11北,金閣学区,衣笠中学校,482,075-461-2222,京都市北区衣笠衣笠山町2,35.036158,135.7258466,http://www.pref.kyoto.jp/hinan/documents/2610170022.pdf,,
25,11北,待鳳学区,旭丘中学校,256,075-492-1330,京都市北区紫野東蓮台野町1,35.04657941,135.7399396,http://www.pref.kyoto.jp/hinan/documents/2610170021.pdf,,
24,11北,大宮柊野学区,西賀茂中学校,440,075-493-7001,京都市北区西賀茂円峰2-26,35.07082403,135.7396672,http://www.pref.kyoto.jp/hinan/documents/2610170023.pdf,,
23,11北,紫竹学区,加茂川中学校,480,075-492-1884,京都市北区紫竹上長目町5,35.05474801,135.7519774,http://www.pref.kyoto.jp/hinan/documents/2610170020.pdf,,
22,11北,紫明学区,京都教育大学附属京都小中学校(中・高等部),757,075-431-7131,京都市北区小山南大野町1,35.0397275,135.7552467,http://www.pref.kyoto.jp/hinan/documents/2610170033.pdf,,
21,11北,紫野学区,京都教育大学附属京都小中学校(初等部),408,075-441-4166,京都市北区紫野東御所田町37,35.04039687,135.754519,http://www.pref.kyoto.jp/hinan/documents/2610170032.pdf,,
20,11北,小野郷学区,小野郷小・中学校(休校中),131,―,京都市北区小野中ノ町30,35.11092948,135.6738604,http://www.pref.kyoto.jp/hinan/documents/2610170016.pdf,,
19,11北,雲ヶ畑学区,雲ヶ畑小・中学校(休校中),98,―,京都市北区雲ヶ畑中畑町76,35.1129245,135.7199187,http://www.pref.kyoto.jp/hinan/documents/2610170019.pdf,,
18,11北,小野郷学区,元小野郷小学校大森分校,32,―,京都市北区大森中町157,35.14183,135.6836,http://www.pref.kyoto.jp/hinan/documents/2610170036.pdf,,
17,11北,中川学区,中川小学校真弓分校(休校中),22,―,京都市北区真弓八幡町195,35.12142331,135.7022532,http://www.pref.kyoto.jp/hinan/documents/2610170018.pdf,,
16,11北,中川学区,中川小学校(休校中),122,―,京都市北区中川北山町46,35.08930431,135.6878433,http://www.pref.kyoto.jp/hinan/documents/2610170017.pdf,,
15,11北,鷹峯学区,鷹峯小学校,274,075-491-3607,京都市北区鷹峯北鷹峯町12,35.0544756,135.7307877,http://www.pref.kyoto.jp/hinan/documents/2610170014.pdf,,
14,11北,大将軍学区,大将軍小学校,245,075-461-4310,京都市北区大将軍南一条町48-2,35.02442317,135.7284603,http://www.pref.kyoto.jp/hinan/documents/2610170009.pdf,,
13,11北,金閣学区,金閣小学校,216,075-462-1700,京都市北区平野上柳町61-1,35.0358831,135.7283297,http://www.pref.kyoto.jp/hinan/documents/2610170011.pdf,,
12,11北,衣笠学区,衣笠小学校,408,075-462-0034,京都市北区平野宮本町19-6,35.03004771,135.7327737,http://www.pref.kyoto.jp/hinan/documents/2610170010.pdf,,
11,11北,楽只学区,楽只小学校,199,075-451-0044,京都市北区紫野西舟岡町2,35.03994682,135.7398091,http://www.pref.kyoto.jp/hinan/documents/2610170012.pdf,,
10,11北,紫竹学区,紫竹小学校,325,075-491-6005,京都市北区紫竹下園生町26,35.05353703,135.7503581,http://www.pref.kyoto.jp/hinan/documents/2610170003.pdf,,
9,11北,柏野学区,柏野小学校,377,075-461-8330,京都市北区紫野郷ノ上町36,35.03770811,135.7364983,http://www.pref.kyoto.jp/hinan/documents/2610170008.pdf,,
8,11北,鳳徳学区,鳳徳小学校,288,075-491-3592,京都市北区紫野上鳥田町30,35.0452102,135.7523053,http://www.pref.kyoto.jp/hinan/documents/2610170005.pdf,,
7,11北,紫野学区,紫野小学校,280,075-441-4606,京都市北区紫野下築山町21,35.03988584,135.745553,http://www.pref.kyoto.jp/hinan/documents/2610170007.pdf,,
6,11北,待鳳学区,待鳳小学校,360,075-491-4343,京都市北区紫竹西北町1-3,35.04890424,135.7470973,http://www.pref.kyoto.jp/hinan/documents/2610170013.pdf,,
5,11北,大宮学区,大宮小学校,452,075-491-0783,京都市北区大宮中ノ社町37,35.05895311,135.7466222,http://www.pref.kyoto.jp/hinan/documents/2610170002.pdf,,
4,11北,柊野学区,柊野小学校,320,075-791-4700,京都市北区上賀茂女夫岩町21,35.06947142,135.7456388,http://www.pref.kyoto.jp/hinan/documents/2610170015.pdf,,
3,11北,上賀茂学区,上賀茂小学校,400,075-711-0804,京都市北区上賀茂烏帽子ヶ垣内町1,35.0560784,135.7569492,http://www.pref.kyoto.jp/hinan/documents/2610170001.pdf,,
2,11北,元町学区,元町小学校,288,075-491-7690,京都市北区小山西元町14,35.05044293,135.7541884,http://www.pref.kyoto.jp/hinan/documents/2610170004.pdf,,
1,11北,紫明学区,紫明小学校,288,075-451-2156,京都市北区小山東大野町55,35.04289379,135.7567688,http://www.pref.kyoto.jp/hinan/documents/2610170006.pdf,,
